--
-- PostgreSQL database dump
--

-- Dumped from database version 16.1
-- Dumped by pg_dump version 16.2

SET statement_timeout = 0;
SET lock_timeout = 0;
SET idle_in_transaction_session_timeout = 0;
SET client_encoding = 'UTF8';
SET standard_conforming_strings = on;
SELECT pg_catalog.set_config('search_path', '', false);
SET check_function_bodies = false;
SET xmloption = content;
SET client_min_messages = warning;
SET row_security = off;

--
-- Name: public; Type: SCHEMA; Schema: -; Owner: MobilizzzTestUser
--

-- *not* creating schema, since initdb creates it


ALTER SCHEMA public OWNER TO "MobilizzzTestUser";

--
-- Name: SCHEMA public; Type: COMMENT; Schema: -; Owner: MobilizzzTestUser
--

COMMENT ON SCHEMA public IS '';


SET default_tablespace = '';

SET default_table_access_method = heap;

--
-- Name: AdminCompany; Type: TABLE; Schema: public; Owner: MobilizzzTestUser
--

CREATE TABLE public."AdminCompany" (
    "AdminsId" integer NOT NULL,
    "CompaniesOwnerShipId" integer NOT NULL
);


ALTER TABLE public."AdminCompany" OWNER TO "MobilizzzTestUser";

--
-- Name: AdminTeam; Type: TABLE; Schema: public; Owner: MobilizzzTestUser
--

CREATE TABLE public."AdminTeam" (
    "AdminsId" integer NOT NULL,
    "TeamsOwnerShipId" integer NOT NULL
);


ALTER TABLE public."AdminTeam" OWNER TO "MobilizzzTestUser";

--
-- Name: Companies; Type: TABLE; Schema: public; Owner: MobilizzzTestUser
--

CREATE TABLE public."Companies" (
    "Id" integer NOT NULL,
    "Name" text NOT NULL,
    "CreationDate" timestamp with time zone NOT NULL
);


ALTER TABLE public."Companies" OWNER TO "MobilizzzTestUser";

--
-- Name: Companies_Id_seq; Type: SEQUENCE; Schema: public; Owner: MobilizzzTestUser
--

ALTER TABLE public."Companies" ALTER COLUMN "Id" ADD GENERATED BY DEFAULT AS IDENTITY (
    SEQUENCE NAME public."Companies_Id_seq"
    START WITH 1
    INCREMENT BY 1
    NO MINVALUE
    NO MAXVALUE
    CACHE 1
);


--
-- Name: Records; Type: TABLE; Schema: public; Owner: MobilizzzTestUser
--

CREATE TABLE public."Records" (
    "Id" integer NOT NULL,
    "Distance" double precision NOT NULL,
    "UserId" integer DEFAULT 0,
    "TeamId" integer DEFAULT 0,
    "CreationDate" timestamp with time zone DEFAULT '-infinity'::timestamp with time zone NOT NULL,
    "TransportMethod" integer,
    "RecordType" integer DEFAULT 0 NOT NULL
);


ALTER TABLE public."Records" OWNER TO "MobilizzzTestUser";

--
-- Name: Records_Id_seq; Type: SEQUENCE; Schema: public; Owner: MobilizzzTestUser
--

ALTER TABLE public."Records" ALTER COLUMN "Id" ADD GENERATED BY DEFAULT AS IDENTITY (
    SEQUENCE NAME public."Records_Id_seq"
    START WITH 1
    INCREMENT BY 1
    NO MINVALUE
    NO MAXVALUE
    CACHE 1
);


--
-- Name: TeamMember; Type: TABLE; Schema: public; Owner: MobilizzzTestUser
--

CREATE TABLE public."TeamMember" (
    "TeamsId" integer NOT NULL,
    "UsersId" integer NOT NULL
);


ALTER TABLE public."TeamMember" OWNER TO "MobilizzzTestUser";

--
-- Name: TeamMemberRequest; Type: TABLE; Schema: public; Owner: MobilizzzTestUser
--

CREATE TABLE public."TeamMemberRequest" (
    "PendingUserRequestsId" integer NOT NULL,
    "PendingTeamRequestsId" integer NOT NULL
);


ALTER TABLE public."TeamMemberRequest" OWNER TO "MobilizzzTestUser";

--
-- Name: Teams; Type: TABLE; Schema: public; Owner: MobilizzzTestUser
--

CREATE TABLE public."Teams" (
    "Id" integer NOT NULL,
    "Name" text NOT NULL,
    "CreationDate" timestamp with time zone DEFAULT '-infinity'::timestamp with time zone NOT NULL,
    "LeaderId" integer DEFAULT 0 NOT NULL,
    "CompanyId" integer,
    "IsPrivate" boolean DEFAULT false NOT NULL,
    "IsHidden" boolean DEFAULT false NOT NULL
);


ALTER TABLE public."Teams" OWNER TO "MobilizzzTestUser";

--
-- Name: Teams_Id_seq; Type: SEQUENCE; Schema: public; Owner: MobilizzzTestUser
--

ALTER TABLE public."Teams" ALTER COLUMN "Id" ADD GENERATED BY DEFAULT AS IDENTITY (
    SEQUENCE NAME public."Teams_Id_seq"
    START WITH 1
    INCREMENT BY 1
    NO MINVALUE
    NO MAXVALUE
    CACHE 1
);


--
-- Name: Users; Type: TABLE; Schema: public; Owner: MobilizzzTestUser
--

CREATE TABLE public."Users" (
    "Id" integer NOT NULL,
    "LastName" text NOT NULL,
    "FirstName" text NOT NULL,
    "Email" text NOT NULL,
    "CreationDate" timestamp with time zone DEFAULT '-infinity'::timestamp with time zone NOT NULL,
    "Password" text DEFAULT ''::text NOT NULL,
    "UserName" text DEFAULT ''::text NOT NULL
);


ALTER TABLE public."Users" OWNER TO "MobilizzzTestUser";

--
-- Name: Users_Id_seq; Type: SEQUENCE; Schema: public; Owner: MobilizzzTestUser
--

ALTER TABLE public."Users" ALTER COLUMN "Id" ADD GENERATED BY DEFAULT AS IDENTITY (
    SEQUENCE NAME public."Users_Id_seq"
    START WITH 1
    INCREMENT BY 1
    NO MINVALUE
    NO MAXVALUE
    CACHE 1
);


--
-- Name: __EFMigrationsHistory; Type: TABLE; Schema: public; Owner: MobilizzzTestUser
--

CREATE TABLE public."__EFMigrationsHistory" (
    "MigrationId" character varying(150) NOT NULL,
    "ProductVersion" character varying(32) NOT NULL
);


ALTER TABLE public."__EFMigrationsHistory" OWNER TO "MobilizzzTestUser";

--
-- Data for Name: AdminCompany; Type: TABLE DATA; Schema: public; Owner: MobilizzzTestUser
--

COPY public."AdminCompany" ("AdminsId", "CompaniesOwnerShipId") FROM stdin;
1	1
109	3
110	3
111	3
112	3
113	3
114	3
115	3
121	3
\.


--
-- Data for Name: AdminTeam; Type: TABLE DATA; Schema: public; Owner: MobilizzzTestUser
--

COPY public."AdminTeam" ("AdminsId", "TeamsOwnerShipId") FROM stdin;
1	1
1	45
115	1
2	1
3	1
26	1
\.


--
-- Data for Name: Companies; Type: TABLE DATA; Schema: public; Owner: MobilizzzTestUser
--

COPY public."Companies" ("Id", "Name", "CreationDate") FROM stdin;
1	Sidema	2024-06-07 18:25:20.638+02
2	Visible	2024-06-07 18:25:36.41+02
4	string	2024-06-09 20:21:51.766+02
5	string	2024-06-09 20:21:51.766+02
3	Mobilitizzz	2024-06-07 18:28:27.631+02
\.


--
-- Data for Name: Records; Type: TABLE DATA; Schema: public; Owner: MobilizzzTestUser
--

COPY public."Records" ("Id", "Distance", "UserId", "TeamId", "CreationDate", "TransportMethod", "RecordType") FROM stdin;
51	90	1	1	2024-07-02 14:40:13.32651+02	1	2
46	70	1	1	2024-07-01 12:01:34.739419+02	3	1
85	100	1	1	2024-07-03 10:20:09.551255+02	3	1
67	23	1	3	2024-07-02 16:05:33.774866+02	2	1
122	1	1	29	2024-07-10 17:49:48.566574+02	2	2
50	55	1	3	2024-07-01 15:45:02.475676+02	4	1
64	23	1	3	2024-07-02 16:05:20.575468+02	4	1
92	13	1	1	2024-07-05 09:57:15.5499+02	2	2
71	23	1	3	2024-07-02 16:11:14.264736+02	3	1
25	17	1	3	2024-06-05 18:35:12.234413+02	3	1
29	39	1	1	2024-06-06 11:16:30.082451+02	3	1
17	25	1	1	2024-06-05 14:46:51.699002+02	3	1
48	80	1	3	2024-07-01 12:05:36.117812+02	2	1
133	15	1	5	2024-07-12 13:19:58.671465+02	2	2
88	33	1	3	2024-07-03 15:21:32.043024+02	4	3
69	23	1	3	2024-07-02 16:08:05.358462+02	4	1
97	61	1	1	2024-07-10 10:41:16.323397+02	2	3
80	12	1	1	2024-07-02 16:39:30.837051+02	3	3
86	11	71	1	2024-07-03 10:58:43.659929+02	1	3
70	23	1	3	2024-07-02 16:08:33.508832+02	1	3
16	27	1	1	2024-06-05 13:31:12.804157+02	4	3
19	21	2	1	-infinity	1	3
15	23	1	1	2024-06-05 13:27:11.416724+02	3	1
14	28	1	1	2024-06-05 13:26:34.598686+02	2	3
20	8	3	1	2024-06-05 20:15:45.705+02	4	1
32	37	1	1	2024-06-08 13:15:28.238731+02	4	2
37	387	1	1	2024-06-08 13:54:49.392543+02	2	1
108	24	1	26	2024-07-10 17:05:54.208687+02	1	2
68	23	1	3	2024-07-02 16:06:17.145732+02	3	1
38	1000	1	1	2024-06-09 17:03:34.111122+02	1	3
111	15	1	26	2024-07-10 17:15:15.186549+02	4	3
18	34	1	1	2024-06-05 17:04:45.674081+02	2	1
84	41	70	1	2024-07-03 10:16:53.255104+02	2	1
66	23	1	3	2024-07-02 16:05:31.06349+02	1	3
106	15	1	26	2024-07-10 17:02:53.70724+02	3	1
40	70	45	26	2024-06-09 21:37:39.433279+02	3	1
90	32	77	1	2024-07-03 15:48:46.228525+02	3	1
78	93	1	1	2024-07-02 16:37:47.11303+02	3	2
59	20	1	3	2024-07-02 15:47:17.47667+02	2	1
55	22	1	1	2024-07-02 15:25:03.640014+02	1	3
57	34	69	1	2024-07-02 15:29:49.095262+02	4	1
34	233	1	1	2024-06-08 13:45:58.437528+02	2	1
99	5	1	5	2024-07-10 10:42:22.863618+02	3	3
94	22	1	5	2024-07-10 10:17:23.931056+02	3	1
24	29	1	3	2024-06-05 18:34:39.173681+02	2	1
105	52	1	26	2024-07-10 17:00:37.872134+02	1	3
76	93	1	1	2024-07-02 16:35:23.65099+02	2	1
118	15	1	29	2024-07-10 17:39:27.6518+02	4	3
27	21	1	1	2024-06-06 10:54:17.550767+02	3	1
112	15	1	25	2024-07-10 17:17:19.289346+02	3	1
143	12	1	3	2024-07-12 16:30:26.002701+02	2	2
147	15	1	\N	2024-07-16 10:25:22.374687+02	1	1
174	15	121	\N	2024-07-16 15:08:56.829438+02	2	3
152	15	\N	1	2024-07-16 10:56:22.435312+02	2	1
156	15	1	\N	2024-07-16 11:45:12.113524+02	1	1
157	15	1	1	2024-07-16 11:45:15.817804+02	1	1
158	15	1	\N	2024-07-16 11:45:22.453493+02	1	1
159	15	1	\N	2024-07-16 11:47:44.292018+02	1	1
160	15	1	1	2024-07-16 11:48:20.860301+02	1	1
161	15	1	\N	2024-07-16 11:49:32.255122+02	1	1
165	15	1	1	2024-07-16 12:05:17.783438+02	1	1
166	15	1	3	2024-07-16 12:06:30.61576+02	3	1
171	15	\N	1	2024-07-16 12:17:52.556901+02	2	1
175	15	121	\N	2024-07-16 15:09:03.612581+02	2	3
176	15	121	\N	2024-07-16 15:09:21.51711+02	1	1
120	15	1	29	2024-07-10 17:40:05.113839+02	1	1
54	10	1	3	2024-07-02 15:23:11.133023+02	1	1
35	150	1	1	2024-06-08 13:48:24.626268+02	1	1
104	52	1	1	2024-07-10 16:57:41.36674+02	1	1
13	33	1	1	2024-06-05 13:18:19.224062+02	1	1
45	420	1	1	2024-07-01 11:58:19.744014+02	1	1
87	234	1	3	2024-07-03 14:53:23.864382+02	1	1
91	5	1	3	2024-07-05 09:52:18.616291+02	1	1
145	15	1	45	2024-07-15 11:29:13.618664+02	2	2
33	99	1	1	2024-06-08 13:35:12.252089+02	1	1
75	93	1	1	2024-07-02 16:33:27.914703+02	1	1
72	25	1	3	2024-07-02 16:11:23.462969+02	1	1
116	15	1	29	2024-07-10 17:37:27.569989+02	1	1
124	28.000000000000004	1	5	2024-07-11 14:42:43.543731+02	1	1
65	23	1	3	2024-07-02 16:05:27.166862+02	1	1
100	5	1	3	2024-07-10 10:43:12.760367+02	1	1
58	27	69	1	2024-07-02 15:32:21.627331+02	1	1
31	0	1	1	2024-06-08 10:42:41.219055+02	1	1
36	200	1	1	2024-06-08 13:54:37.482434+02	1	1
42	334	46	3	2024-06-10 09:57:26.648421+02	1	1
110	15	1	26	2024-07-10 17:10:35.342983+02	1	1
60	23	1	3	2024-07-02 15:55:45.223803+02	1	1
126	100	1	1	2024-07-11 21:04:12.712261+02	1	1
102	25	1	5	2024-07-10 13:26:24.049042+02	1	1
52	24	69	1	2024-07-02 15:17:47.133469+02	1	1
56	21	1	1	2024-07-02 15:27:05.687793+02	1	1
93	0	1	3	2024-07-05 10:10:11.212767+02	1	1
77	93	1	1	2024-07-02 16:35:51.834614+02	1	1
114	15	1	26	2024-07-10 17:20:48.68789+02	1	1
41	33	1	25	2024-06-10 09:56:42.660255+02	1	1
83	42	1	3	2024-07-02 16:55:43.596767+02	1	1
95	39	1	1	2024-07-10 10:35:47.628931+02	1	1
79	93	1	1	2024-07-02 16:38:22.51664+02	1	1
98	5	1	3	2024-07-10 10:41:57.428312+02	1	1
96	61	1	1	2024-07-10 10:36:01.066727+02	1	1
44	32	1	29	2024-06-11 15:41:42.302695+02	1	1
23	39	1	3	2024-06-05 20:19:49.905+02	1	1
26	10	1	3	2024-06-06 09:48:57.606326+02	1	1
89	33	1	3	2024-07-03 15:22:35.651454+02	1	1
39	60	1	26	2024-06-09 21:21:55.988129+02	1	1
47	90	1	1	2024-07-01 12:04:54.280003+02	1	1
28	11	1	1	2024-06-06 10:54:24.267627+02	1	1
81	23	1	1	2024-07-02 16:40:49.173683+02	1	1
139	15	1	\N	2024-07-12 13:48:44.98497+02	1	2
61	23	1	3	2024-07-02 16:04:25.22255+02	1	1
63	23	1	3	2024-07-02 16:05:17.676348+02	1	1
43	33	1	1	2024-06-11 15:19:38.256276+02	4	1
115	10	1	29	2024-07-10 17:27:37.460274+02	2	2
62	23	1	3	2024-07-02 16:04:32.615134+02	3	2
109	24	1	26	2024-07-10 17:06:09.230779+02	4	1
74	93	1	1	2024-07-02 16:32:51.18719+02	4	1
82	25	1	1	2024-07-02 16:43:37.402613+02	4	1
154	21	\N	\N	2024-07-16 11:31:40.496459+02	3	2
162	15	1	\N	2024-07-16 11:54:48.189654+02	1	1
167	15	1	1	2024-07-16 12:11:09.92466+02	1	1
168	15	1	1	2024-07-16 12:12:14.571225+02	3	2
169	15	\N	1	2024-07-16 12:13:13.325822+02	3	2
172	100	\N	1	2024-07-16 12:24:01.190555+02	3	2
117	15	1	26	2024-07-10 17:38:31.278712+02	1	1
113	15	1	26	2024-07-10 17:19:22.529758+02	1	2
125	20	1	3	2024-07-11 20:58:00.988089+02	3	1
123	100	1	29	2024-07-10 17:56:19.521872+02	4	1
127	100	1	1	2024-07-11 21:04:28.151724+02	2	2
49	60	1	3	2024-07-01 12:06:35.621579+02	1	3
121	2	1	29	2024-07-10 17:48:29.450914+02	1	3
119	15	1	29	2024-07-10 17:39:42.686747+02	3	1
107	15	1	5	2024-07-10 17:05:04.537742+02	4	1
103	52	1	1	2024-07-10 16:57:29.042144+02	2	1
128	15	1	3	2024-07-12 10:26:18.260708+02	1	3
53	12	69	1	2024-07-02 15:21:42.55262+02	3	1
141	18	1	\N	2024-07-12 16:30:07.387767+02	3	2
142	12	1	3	2024-07-12 16:30:26.002387+02	2	2
144	15	1	1	2024-07-12 16:30:57.873332+02	1	2
146	15	108	\N	2024-07-15 12:55:18.401209+02	1	1
150	15	\N	\N	2024-07-16 10:56:06.292371+02	1	1
151	15	\N	\N	2024-07-16 10:56:08.616464+02	2	1
153	15	\N	1	2024-07-16 10:56:38.963463+02	3	2
155	15	\N	1	2024-07-16 11:37:02.765753+02	3	2
163	15	1	3	2024-07-16 11:56:06.004883+02	3	2
164	15	1	\N	2024-07-16 11:58:44.622894+02	1	1
170	18	1	5	2024-07-16 12:17:00.825318+02	2	2
173	100	\N	1	2024-07-16 13:39:37.667558+02	4	1
\.


--
-- Data for Name: TeamMember; Type: TABLE DATA; Schema: public; Owner: MobilizzzTestUser
--

COPY public."TeamMember" ("TeamsId", "UsersId") FROM stdin;
1	1
1	2
1	3
3	1
5	1
1	28
1	29
3	29
1	31
5	32
3	33
1	34
3	35
5	36
3	38
5	39
6	40
1	41
6	42
25	1
26	1
26	45
27	45
3	46
26	47
28	47
3	65
5	66
5	67
29	1
1	70
1	71
1	72
1	73
1	74
1	75
1	76
1	82
1	92
1	77
1	93
1	95
1	94
45	1
1	115
1	112
\.


--
-- Data for Name: TeamMemberRequest; Type: TABLE DATA; Schema: public; Owner: MobilizzzTestUser
--

COPY public."TeamMemberRequest" ("PendingUserRequestsId", "PendingTeamRequestsId") FROM stdin;
113	1
114	1
121	6
\.


--
-- Data for Name: Teams; Type: TABLE DATA; Schema: public; Owner: MobilizzzTestUser
--

COPY public."Teams" ("Id", "Name", "CreationDate", "LeaderId", "CompanyId", "IsPrivate", "IsHidden") FROM stdin;
6	Widra	2024-06-07 18:48:24.374+02	1	1	f	f
5	Les filles de la compta	2024-06-07 18:47:16.433+02	1	2	f	f
3	Infographistes	2024-06-05 18:08:25.33+02	1	1	f	f
25	BrothaFromAnothaMotha	2024-06-09 21:18:39.218608+02	0	1	f	f
26	Humble F,C	2024-06-09 21:19:33.611758+02	0	1	f	f
27	Brrr	2024-06-09 21:39:52.313611+02	0	1	f	f
28	Akatsuki	2024-06-10 10:05:32.207123+02	0	1	f	f
29	Belgi	2024-06-11 15:41:28.651936+02	0	1	f	f
30	Marvel	2024-06-11 15:44:59.34158+02	0	1	f	f
45	NouvelleEcole	2024-07-15 11:28:23.46276+02	0	1	t	f
1	Dev Delhez	2024-06-07 17:34:36.066+02	1	1	t	f
\.


--
-- Data for Name: Users; Type: TABLE DATA; Schema: public; Owner: MobilizzzTestUser
--

COPY public."Users" ("Id", "LastName", "FirstName", "Email", "CreationDate", "Password", "UserName") FROM stdin;
92	Klein	Laurent	test@efsefesbgrgrd.com	2024-07-04 15:31:33.824447+02	password	Shady123
95	Klein	Laurent	tata@de.be	2024-07-04 16:53:26.223184+02	password	Shady123
103	Klein	Laurent	test@mailgggffgf.com	2024-07-12 10:45:59.285216+02	password	Shady123d
107	Klein	Laurent	test@mailscsacascas.com	2024-07-15 12:53:13.743005+02	password	Shady123csacsacsa
109	string	string	string	2024-07-15 13:04:49.640747+02	string	rererezrez
110	string	string	stringrer	2024-07-15 13:24:08.359184+02	stringrer	rererezrezrer
111	string	string	stringdfsdfsdf	2024-07-15 13:25:35.183674+02	string	fdsfsdf
112	string	strifng	strifdng	2024-07-15 13:54:06.989751+02	string	strindg
113	Klein	Laurent	test@mailtrt.com	2024-07-15 13:55:33.693071+02	password	Shady123trd
114	Klein	Laurent	testsd@mail.com	2024-07-15 14:00:31.576386+02	password	Shady123s
115	Klein	Laurent	test@eewmail.com	2024-07-15 16:40:38.807971+02	password	Shady123invite
121	Klein	Laurent	test@mailteshhllh.com	2024-07-16 15:07:03.433611+02	password	Shady123hgh
79	Klein	Laurent	test@jfsfsddf.com	2024-07-04 12:04:30.17248+02	password	Slayer8887
70	1	TestUser	test@zzz.com	2024-07-03 10:14:01.543199+02	password	Mabacorp
12	Klein	Laurent	teste@mail.com	2024-06-07 15:01:09.673695+02	password	Shady420
4	Julien	Roland	roro@sidema.be	2024-06-05 19:41:24.843+02	password	AwesomeCoder456
74	Klein	Laurent	test@yyy.com	2024-07-03 12:06:25.839623+02	password	JessLaMenace
43	Klein	Laurent	test34398402@mail.com	2024-06-09 21:32:06.627007+02	password	AwesomeCoder456
71	Klein	Laurent	test@qqq.com	2024-07-03 10:57:52.458206+02	password	JessLaMenace
40	Klein	Laurent	testewrwrewr@mail.com	2024-06-09 16:16:19.813392+02	password	Mabacorp
25	Klein	Laurent	trgregerg@mail.com	2024-06-08 14:10:24.963373+02	password	JessLaMenace
21	Klein	Laurent	trtrtr@mail.com	2024-06-07 16:45:31.696076+02	password	Mabacorp
23	Klein	Laurent	r4r4r@mail.com	2024-06-07 17:52:24.065313+02	password	Norrinx
24	Klein	Laurent	testgrgrgr@mail.com	2024-06-08 11:24:40.680993+02	password	SurfShark
27	Klein	Laurent	123@mail.com	2024-06-08 14:53:33.505492+02	password	AwesomeCoder456
77	Klein	Laurent	test@kklkl.com	2024-07-03 15:47:29.324527+02	password	MikMill
61	Klein	Laurent	testfd23432423432432423ewrer@mail.com	2024-06-10 14:52:12.196107+02	password	Mabacorp
63	Klein	Laurent	testwefewfwefwef@mail.com	2024-06-10 14:54:51.033751+02	password	Mabacorp
81	Klein	Laurent	testrezrezrzer@mail.com	2024-07-04 12:57:40.36001+02	password	JessLaMenace
37	Klein	Laurent	wdwdwd@mail.com	2024-06-09 15:58:32.655364+02	password	FontaineOG
80	Klein	Laurent	test@fdfdfdf.com	2024-07-04 12:05:07.232067+02	password	Thierry Le Grand
16	Klein	Laurent	testqqqq@mail.com	2024-06-07 15:22:44.508009+02	password	SurfShark
22	Klein	HQ	testrewrew@mail.com	2024-06-07 17:11:42.165204+02	password	Shady420
55	Klein	Laurent	testfd23432423@mail.com	2024-06-10 14:43:53.981823+02	password	Mabacorp
29	Klein	Laurent	543@mail.com	2024-06-08 14:59:24.790881+02	password	SurfShark
30	Klein	Laurent	21321@mail.com	2024-06-08 15:05:23.494151+02	password	Mabacorp
49	Klein	Laurent	testdfsdfsdf@mail.com	2024-06-10 14:35:55.553846+02	password	PodWick
72	Klein	Laurent	test@eee.com	2024-07-03 11:26:49.074291+02	password	MikMill
64	sdf	skjkl	testtest@mail.com	2024-06-10 16:26:08.729871+02	password	Mabacorp
57	Klein	Laurent	testfd23432423@mail.com	2024-06-10 14:43:54.018005+02	password	Shady420
66	Test	Shady	shady@test.com	2024-06-11 12:13:43.400495+02	password	JessLaMenace
39	Klein	Laurent	testef3f3ft@mail.com	2024-06-09 16:09:48.695521+02	password	PodWick
45	Klein	Laurent	test4525425243@mail.com	2024-06-09 21:37:11.49961+02	password	PodWick
31	Klein	Laurent	testopje@mail.com	2024-06-09 15:34:24.730394+02	password	PodWick
82	Klein	Laurent	test@dfsdfsdf.com	2024-07-04 13:19:20.81029+02	password	AwesomeCoder456
33	Klein	Laurent	testiuff@mail.com	2024-06-09 15:41:44.321188+02	password	Norrinx
38	Klein	Laurent	frefrefer@mail.com	2024-06-09 16:02:01.826765+02	password	SurfShark
62	Klein	Laurent	fkjdskfd@mail.com	2024-06-10 14:54:10.94819+02	password	JessLaMenace
6	chek	teszt	lkjk	2024-06-06 13:17:43.073981+02	kjkj	FontaineOG
17	Klein	Laurent	testrerere@mail.com	2024-06-07 16:34:32.241173+02	password	Shady420
26	Klein	Laurent	tgththth@mail.com	2024-06-08 14:23:02.033073+02	password	Norrinx
44	Klein	Laurent	test453543543y@mail.com	2024-06-09 21:33:20.562438+02	password	SurfShark
42	Test	Test	test4325234@mail.com	2024-06-09 17:05:29.536204+02	password	Mabacorp
52	Klein	Laurent	dsfdsfsdfsdfsdfsdfsdf@mail.com	2024-06-10 14:38:11.906195+02	password	PodWick
75	Klein	Laurent	test@oo.com	2024-07-03 14:53:51.044194+02	password	MikMill
69	Test	Jane	jane@mail.com	2024-07-02 15:15:30.577333+02	password	MikMill
46	Klein	Laurent	testefefewsss@mail.com	2024-06-10 09:57:10.745131+02	password	PodWick
59	Klein	Laurent	testfd23432423432432423@mail.com	2024-06-10 14:45:30.575961+02	password	Eazy
67	Klein	Laurent	aaa@mail.com	2024-06-11 14:45:01.057863+02	password	MikMill
48	Klein	Laurent	testqweqwe@mail.com	2024-06-10 11:03:07.05096+02	password	Eazy
10	xcvcv	cvxc	xcvxcv	2024-06-06 13:22:30.590991+02	cxvxcvxcv	FontaineOG
28	Klein	Laurent	12345@mail.com	2024-06-08 14:54:24.230759+02	password	Norrinx
36	Klein	Laurent	testr4r4r4@mail.com	2024-06-09 15:52:50.512386+02	password	Mabacorp
35	Klein	Laurent	testgreger@mail.com	2024-06-09 15:47:19.725061+02	password	PodWick
3	Stefan	Maton	stefan@maton.be	2024-06-05 19:41:05.354+02	password	FontaineOG
76	Klein	Laurent	test@pp.com	2024-07-03 15:40:46.276064+02	password	SurfShark
51	Klein	Laurent	testdfsdfsdfdsds232432@mail.com	2024-06-10 14:37:41.241105+02	password	MikMill
78	Klein	Laurent	test@teeee.com	2024-07-04 12:04:11.971758+02	password	JessLaMenace
19	Klein	Laurent	testerereassa@mail.com	2024-06-07 16:43:33.21511+02	password	FontaineOG
14	Klein	Laurent	testweerer@mail.com	2024-06-07 15:02:32.884711+02	password	Shady420
58	Klein	Laurent	testfd23432423@mail.com	2024-06-10 14:43:53.447298+02	password	Eazy
56	Klein	Laurent	testfd23432423@mail.com	2024-06-10 14:43:53.983804+02	password	JessLaMenace
11	Klein	Laurent	test@mail.com	2024-06-07 14:59:30.121327+02	password	SurfShark
73	Klein	Laurent	test@ttt.com	2024-07-03 11:44:47.622631+02	password	MikMill
47	Klein	Jane	testjane@mail.com	2024-06-10 10:04:18.331073+02	password	FontaineOG
34	Klein	Laurent	testdfdsfsf@mail.com	2024-06-09 15:43:23.714187+02	password	SurfShark
54	Klein	Laurent	sdfsdfsdfsd21321312312@mail.com	2024-06-10 14:39:38.29587+02	password	SurfShark
41	Klein	Laurent	testfeferf@mail.com	2024-06-09 17:04:20.358316+02	password	JessLaMenace
68	Klein	Laurent	bb@mail.com	2024-06-11 14:56:36.79721+02	password	AwesomeCoder456
8	dzdz	zdz	zdzdz	2024-06-06 13:18:49.346061+02	dzdzdz	Shady420
60	Klein	Laurent	testfd23432423432432423ewr@mail.com	2024-06-10 14:51:53.087011+02	password	AwesomeCoder456
65	Klein	Laurent	de@mail.com	2024-06-10 16:58:43.758363+02	password	SurfShark
50	Klein	Laurent	testdfsdfsdfdsds@mail.com	2024-06-10 14:37:13.9995+02	password	JessLaMenace
53	Klein	Laurent	sdfsdfsdfsd@mail.com	2024-06-10 14:39:00.497566+02	password	FontaineOG
20	Klein	Laurent	weqwe@mail.com	2024-06-07 16:43:56.099932+02	password	AwesomeCoder456
32	Klein	Laurent	uhuhkh@mail.com	2024-06-09 15:37:18.914165+02	password	AwesomeCoder456
9	dzdz	zdz	zdzdzsdfsdf	2024-06-06 13:19:23.35751+02	dzdzdz	Mabacorp
7	chek	teszt	lkjkfg	2024-06-06 13:18:22.38853+02	kjkj	SurfShark
2	Jane	Betsch	jane@test.be	2024-06-05 19:40:30.235+02	password	Shady420
13	Klein	Laurent	testwee@mail.com	2024-06-07 15:01:26.098693+02	password	Mabacorp
15	Klein	Laurent	testefsefesfse@mail.com	2024-06-07 15:11:57.939257+02	password	Mabacorp
5	est	test	est	2024-06-06 12:15:22.832354+02	estes	Shady420
18	Klein	Laurent	testerere@mail.com	2024-06-07 16:41:01.044695+02	password	Mabacorp
93	Klein	Laurent	test@neww.com	2024-07-04 16:47:28.178551+02	password	Shady123
94	Klein	Laurent	test@jhejebr.com	2024-07-04 16:48:58.726091+02	password	Shad
104	Klein	Laurent	test@fgdffgfdgdf.com	2024-07-12 10:46:20.340709+02	password	Shady123dgd
1	Laurent	Klein	klein@test.com	-infinity	password	EazyTEs
105	Klein	Laurent	test@erwerwe.com	2024-07-15 12:50:52.971468+02	password	Shady123rewrewr
106	Klein	Laurent	test@fewfewfwef.com	2024-07-15 12:51:50.171528+02	password	Shady123fefewf
108	Klein	Laurent	test@mailgfdgdfg.com	2024-07-15 12:55:01.452068+02	password	Shady123gfdgfdgdf
\.


--
-- Data for Name: __EFMigrationsHistory; Type: TABLE DATA; Schema: public; Owner: MobilizzzTestUser
--

COPY public."__EFMigrationsHistory" ("MigrationId", "ProductVersion") FROM stdin;
20240605082500_Init	8.0.6
20240605082825_Init1	8.0.6
20240605083802_Init2	8.0.6
20240605131653_Init3	8.0.6
20240606093149_Init4	8.0.6
20240607135324_Init6	8.0.6
20240607135438_Init7	8.0.6
20240607135504_Init8	8.0.6
20240607140639_Init5	8.0.6
20240607140706_Init6	8.0.6
20240607140851_Init100	8.0.6
20240607141522_Init5	8.0.6
20240607141658_Init6	8.0.6
20240607141931_Init7	8.0.6
20240607142106_AddCompany	8.0.6
20240607142158_AddCompany1	8.0.6
20240607143101_AddLeadersTo	8.0.6
20240609153610_AddLeadersToTeam	8.0.6
20240609154910_AddLeadersToTeam	8.0.6
20240609155050_AddLeadersToTeam1	8.0.6
20240609155145_AddLeadersToTeam2	8.0.6
20240609155257_AddLeadersToTeam3	8.0.6
20240609155359_AddLeadersToTeam4	8.0.6
20240610121352_ResetDbMigrations	8.0.6
20240610123325_PendingUserRequests	8.0.6
20240610123437_PendingUserRequests1	8.0.6
20240701095441_AddTypeOnRecord	8.0.6
20240701152905_AddTransportMethodType	8.0.6
20240701153736_AddTransportMethodTypeA	8.0.6
20240704112811_AddUserNameOnUser	8.0.6
20240712094607_TransportTypeToEnum1	8.0.6
20240712095643_TransportTypeToEnum2	8.0.6
20240712111824_TransportTypeToEnum3	8.0.6
20240712112451_MakeTeamIdOnRecordNullable	8.0.6
20240712112918_MakeTeamIdOnRecordNullable1	8.0.6
20240712113031_Test1	8.0.6
20240712132126_TransportMethodToEnumFinal	8.0.6
20240712132313_TransportMethodToEnumFinal1	8.0.6
20240715072330_AddVisibleAndPrivateOnTeam	8.0.6
20240715072426_AddVisibleAndPrivateOnTeam1	8.0.6
20240715072510_AddVisibleAndPrivateOnTeam2	8.0.6
20240715072531_AddVisibleAndPrivateOnTeam3	8.0.6
20240715075134_AddAdminOnTeams	8.0.6
20240715095924_AddMultipleCompanyAdmins	8.0.6
20240715110002_AddMultipleCompanyAdmins3	8.0.6
20240716090113_AddNullableUserIdOnRecord	8.0.6
20240716090202_AddNullableUserIdOnRecord1	8.0.6
20240716090515_AddNullableUserIdOnRecord2	8.0.6
20240716090713_AddNullableUserIdOnRecord3	8.0.6
20240716090800_AddNullableUserIdOnRecord4	8.0.6
\.


--
-- Name: Companies_Id_seq; Type: SEQUENCE SET; Schema: public; Owner: MobilizzzTestUser
--

SELECT pg_catalog.setval('public."Companies_Id_seq"', 5, true);


--
-- Name: Records_Id_seq; Type: SEQUENCE SET; Schema: public; Owner: MobilizzzTestUser
--

SELECT pg_catalog.setval('public."Records_Id_seq"', 176, true);


--
-- Name: Teams_Id_seq; Type: SEQUENCE SET; Schema: public; Owner: MobilizzzTestUser
--

SELECT pg_catalog.setval('public."Teams_Id_seq"', 45, true);


--
-- Name: Users_Id_seq; Type: SEQUENCE SET; Schema: public; Owner: MobilizzzTestUser
--

SELECT pg_catalog.setval('public."Users_Id_seq"', 121, true);


--
-- Name: AdminCompany PK_AdminCompany; Type: CONSTRAINT; Schema: public; Owner: MobilizzzTestUser
--

ALTER TABLE ONLY public."AdminCompany"
    ADD CONSTRAINT "PK_AdminCompany" PRIMARY KEY ("AdminsId", "CompaniesOwnerShipId");


--
-- Name: AdminTeam PK_AdminTeam; Type: CONSTRAINT; Schema: public; Owner: MobilizzzTestUser
--

ALTER TABLE ONLY public."AdminTeam"
    ADD CONSTRAINT "PK_AdminTeam" PRIMARY KEY ("AdminsId", "TeamsOwnerShipId");


--
-- Name: Companies PK_Companies; Type: CONSTRAINT; Schema: public; Owner: MobilizzzTestUser
--

ALTER TABLE ONLY public."Companies"
    ADD CONSTRAINT "PK_Companies" PRIMARY KEY ("Id");


--
-- Name: Records PK_Records; Type: CONSTRAINT; Schema: public; Owner: MobilizzzTestUser
--

ALTER TABLE ONLY public."Records"
    ADD CONSTRAINT "PK_Records" PRIMARY KEY ("Id");


--
-- Name: TeamMember PK_TeamMember; Type: CONSTRAINT; Schema: public; Owner: MobilizzzTestUser
--

ALTER TABLE ONLY public."TeamMember"
    ADD CONSTRAINT "PK_TeamMember" PRIMARY KEY ("TeamsId", "UsersId");


--
-- Name: TeamMemberRequest PK_TeamMemberRequest; Type: CONSTRAINT; Schema: public; Owner: MobilizzzTestUser
--

ALTER TABLE ONLY public."TeamMemberRequest"
    ADD CONSTRAINT "PK_TeamMemberRequest" PRIMARY KEY ("PendingTeamRequestsId", "PendingUserRequestsId");


--
-- Name: Teams PK_Teams; Type: CONSTRAINT; Schema: public; Owner: MobilizzzTestUser
--

ALTER TABLE ONLY public."Teams"
    ADD CONSTRAINT "PK_Teams" PRIMARY KEY ("Id");


--
-- Name: Users PK_Users; Type: CONSTRAINT; Schema: public; Owner: MobilizzzTestUser
--

ALTER TABLE ONLY public."Users"
    ADD CONSTRAINT "PK_Users" PRIMARY KEY ("Id");


--
-- Name: __EFMigrationsHistory PK___EFMigrationsHistory; Type: CONSTRAINT; Schema: public; Owner: MobilizzzTestUser
--

ALTER TABLE ONLY public."__EFMigrationsHistory"
    ADD CONSTRAINT "PK___EFMigrationsHistory" PRIMARY KEY ("MigrationId");


--
-- Name: IX_AdminCompany_CompaniesOwnerShipId; Type: INDEX; Schema: public; Owner: MobilizzzTestUser
--

CREATE INDEX "IX_AdminCompany_CompaniesOwnerShipId" ON public."AdminCompany" USING btree ("CompaniesOwnerShipId");


--
-- Name: IX_AdminTeam_TeamsOwnerShipId; Type: INDEX; Schema: public; Owner: MobilizzzTestUser
--

CREATE INDEX "IX_AdminTeam_TeamsOwnerShipId" ON public."AdminTeam" USING btree ("TeamsOwnerShipId");


--
-- Name: IX_Records_TeamId; Type: INDEX; Schema: public; Owner: MobilizzzTestUser
--

CREATE INDEX "IX_Records_TeamId" ON public."Records" USING btree ("TeamId");


--
-- Name: IX_Records_UserId; Type: INDEX; Schema: public; Owner: MobilizzzTestUser
--

CREATE INDEX "IX_Records_UserId" ON public."Records" USING btree ("UserId");


--
-- Name: IX_TeamMemberRequest_PendingUserRequestsId; Type: INDEX; Schema: public; Owner: MobilizzzTestUser
--

CREATE INDEX "IX_TeamMemberRequest_PendingUserRequestsId" ON public."TeamMemberRequest" USING btree ("PendingUserRequestsId");


--
-- Name: IX_TeamMember_UsersId; Type: INDEX; Schema: public; Owner: MobilizzzTestUser
--

CREATE INDEX "IX_TeamMember_UsersId" ON public."TeamMember" USING btree ("UsersId");


--
-- Name: IX_Teams_CompanyId; Type: INDEX; Schema: public; Owner: MobilizzzTestUser
--

CREATE INDEX "IX_Teams_CompanyId" ON public."Teams" USING btree ("CompanyId");


--
-- Name: AdminCompany FK_AdminCompany_Companies_CompaniesOwnerShipId; Type: FK CONSTRAINT; Schema: public; Owner: MobilizzzTestUser
--

ALTER TABLE ONLY public."AdminCompany"
    ADD CONSTRAINT "FK_AdminCompany_Companies_CompaniesOwnerShipId" FOREIGN KEY ("CompaniesOwnerShipId") REFERENCES public."Companies"("Id") ON DELETE CASCADE;


--
-- Name: AdminCompany FK_AdminCompany_Users_AdminsId; Type: FK CONSTRAINT; Schema: public; Owner: MobilizzzTestUser
--

ALTER TABLE ONLY public."AdminCompany"
    ADD CONSTRAINT "FK_AdminCompany_Users_AdminsId" FOREIGN KEY ("AdminsId") REFERENCES public."Users"("Id") ON DELETE CASCADE;


--
-- Name: AdminTeam FK_AdminTeam_Teams_TeamsOwnerShipId; Type: FK CONSTRAINT; Schema: public; Owner: MobilizzzTestUser
--

ALTER TABLE ONLY public."AdminTeam"
    ADD CONSTRAINT "FK_AdminTeam_Teams_TeamsOwnerShipId" FOREIGN KEY ("TeamsOwnerShipId") REFERENCES public."Teams"("Id") ON DELETE CASCADE;


--
-- Name: AdminTeam FK_AdminTeam_Users_AdminsId; Type: FK CONSTRAINT; Schema: public; Owner: MobilizzzTestUser
--

ALTER TABLE ONLY public."AdminTeam"
    ADD CONSTRAINT "FK_AdminTeam_Users_AdminsId" FOREIGN KEY ("AdminsId") REFERENCES public."Users"("Id") ON DELETE CASCADE;


--
-- Name: Records FK_Records_Teams_TeamId; Type: FK CONSTRAINT; Schema: public; Owner: MobilizzzTestUser
--

ALTER TABLE ONLY public."Records"
    ADD CONSTRAINT "FK_Records_Teams_TeamId" FOREIGN KEY ("TeamId") REFERENCES public."Teams"("Id");


--
-- Name: Records FK_Records_Users_UserId; Type: FK CONSTRAINT; Schema: public; Owner: MobilizzzTestUser
--

ALTER TABLE ONLY public."Records"
    ADD CONSTRAINT "FK_Records_Users_UserId" FOREIGN KEY ("UserId") REFERENCES public."Users"("Id");


--
-- Name: TeamMemberRequest FK_TeamMemberRequest_Teams_PendingTeamRequestsId; Type: FK CONSTRAINT; Schema: public; Owner: MobilizzzTestUser
--

ALTER TABLE ONLY public."TeamMemberRequest"
    ADD CONSTRAINT "FK_TeamMemberRequest_Teams_PendingTeamRequestsId" FOREIGN KEY ("PendingTeamRequestsId") REFERENCES public."Teams"("Id") ON DELETE CASCADE;


--
-- Name: TeamMemberRequest FK_TeamMemberRequest_Users_PendingUserRequestsId; Type: FK CONSTRAINT; Schema: public; Owner: MobilizzzTestUser
--

ALTER TABLE ONLY public."TeamMemberRequest"
    ADD CONSTRAINT "FK_TeamMemberRequest_Users_PendingUserRequestsId" FOREIGN KEY ("PendingUserRequestsId") REFERENCES public."Users"("Id") ON DELETE CASCADE;


--
-- Name: TeamMember FK_TeamMember_Teams_TeamsId; Type: FK CONSTRAINT; Schema: public; Owner: MobilizzzTestUser
--

ALTER TABLE ONLY public."TeamMember"
    ADD CONSTRAINT "FK_TeamMember_Teams_TeamsId" FOREIGN KEY ("TeamsId") REFERENCES public."Teams"("Id") ON DELETE CASCADE;


--
-- Name: TeamMember FK_TeamMember_Users_UsersId; Type: FK CONSTRAINT; Schema: public; Owner: MobilizzzTestUser
--

ALTER TABLE ONLY public."TeamMember"
    ADD CONSTRAINT "FK_TeamMember_Users_UsersId" FOREIGN KEY ("UsersId") REFERENCES public."Users"("Id") ON DELETE CASCADE;


--
-- Name: Teams FK_Teams_Companies_CompanyId; Type: FK CONSTRAINT; Schema: public; Owner: MobilizzzTestUser
--

ALTER TABLE ONLY public."Teams"
    ADD CONSTRAINT "FK_Teams_Companies_CompanyId" FOREIGN KEY ("CompanyId") REFERENCES public."Companies"("Id");


--
-- Name: SCHEMA public; Type: ACL; Schema: -; Owner: MobilizzzTestUser
--

REVOKE USAGE ON SCHEMA public FROM PUBLIC;


--
-- PostgreSQL database dump complete
--

